id,dataset,model_type,past,coupling_layers,sliding_window,VUS_ROC,AUC_ROC,RANGE_PR_AUC,F,AUC_PR,Precision,Recall,Precision_at_k,Rprecision,Rrecall,RF,R_AUC_ROC,R_AUC_PR,VUS_PR,Affiliation_Precision,Affiliation_Recall
-,4-lotka_volterra-2-prey-2-predator-1000-cooldown-1-mil-steps-no-anomaly,pca,-1,-1,125,0.3472986632965731,0.4415152239719826,0,0.0,0.0003072841648266731,0.0,0.0,0.0,0.0,0.0,0.0,0.3728215274179507,0.0012897722981733452,0.0007646737408100487,0.5279880759899358,0.1680561507407926
-,4-lotka_volterra-2-prey-2-predator-1000-cooldown-1-mil-steps-no-anomaly,health_esn,-1,-1,125,0.3609285326398242,0.39803373731710845,0,0.0,0.0002716090778012207,0.0,0.0,0.0,0.0,0.0,0.0,0.4098889289717159,0.0013325557689823468,0.0007705826626365337,0.7307162927067637,0.07001965742039856
-,4-lotka_volterra-2-prey-2-predator-1000-cooldown-1-mil-steps-no-anomaly,fast_mcd,-1,-1,125,0.3715218560427987,0.42205849814707735,0,0.0,0.00021573790723250773,0.0,0.0,0.0,0.0,0.0,0.0,0.3910561941824717,0.001232513821986091,0.0007403552948870374,0.47515674088374715,0.7360607222130855
-,4-lotka_volterra-2-prey-2-predator-1000-cooldown-1-mil-steps-no-anomaly,autoencoder,-1,-1,125,0.441568601712571,0.5101539068802853,0,0.0,0.00033053105149126954,0.0,0.0,0.0,0.0,0.0,0.0,0.4761465045707216,0.0016866613334855268,0.0009889096990970843,0.4836919894311613,0.2444699716221854
-,4-lotka_volterra-2-prey-2-predator-1000-cooldown-1-mil-steps-no-anomaly,robust_pca,-1,-1,125,0.33832422714063504,0.42176110101495584,0,0.002721732441867345,0.00030159016115814327,0.0013832922355205388,0.08394160583941605,0.08394160583941605,0.004640839386602098,0.09090909090909091,0.008830869648684968,0.3643363068701045,0.0012977595316231503,0.0007684679071549143,0.5377622455638077,0.36668362371839563
-,4-lotka_volterra-2-prey-2-predator-1000-cooldown-1-mil-steps-no-anomaly,knn,-1,-1,125,0.6478472401118789,0.6408935074525822,0,0.0,0.0004036773309930682,0.0,0.0,0.0,0.0,0.0,0.0,0.6617869070345354,0.001733784014197646,0.001095031150143813,0.7643780921492935,0.14311701862588316
-,4-lotka_volterra-2-prey-2-predator-1000-cooldown-1-mil-steps-no-anomaly,hbos,-1,-1,125,0.41148315361814175,0.48339673430081315,0,0.0,0.00038333102307005346,0.0,0.0,0.0,0.0,0.0,0.0,0.4281749527836975,0.0013750253863192563,0.0008250867518418949,0.49579696404279,0.9195260663323183
-,4-lotka_volterra-2-prey-2-predator-1000-cooldown-1-mil-steps-no-anomaly,torsk,-1,-1,125,0.9982906815696323,0.9980610297519039,0,0.0,0.06607185917530745,0.0,0.0,0.0,0.0,0.0,0.0,0.998428539324224,0.6217660819631462,0.5884593999591264,0.4838670430757812,1.0
-,4-lotka_volterra-2-prey-2-predator-1000-cooldown-1-mil-steps-no-anomaly,iforest,-1,-1,125,0.4040139611717199,0.46646451301585956,0,0.0,0.00026318354400812517,0.0,0.0,0.0,0.0,0.0,0.0,0.4339364669728457,0.001373902674229593,0.0008163768900825106,0.5378752560275821,0.6904560050788184
-,4-lotka_volterra-2-prey-2-predator-1000-cooldown-1-mil-steps-no-anomaly,multi_hmm,-1,-1,125,0.4528858110330253,0.5220931631131638,0,0.0,0.00029931169426567633,0.0,0.0,0.0,0.0,0.0,0.0,0.48149897210580483,0.0016296587712224114,0.0009565703348621285,0.48933110159535215,0.9213219976755727
-,4-lotka_volterra-2-prey-2-predator-1000-cooldown-1-mil-steps-no-anomaly,gdn,-1,-1,125,0.5140262429710478,0.5606180960675288,0,0.0,0.0004213258613394883,0.0,0.0,0.0,0.0,0.0,0.0,0.5449094461871122,0.0018002952454941753,0.0010830104547720348,0.78246409684643,0.15249825142859955
-,4-lotka_volterra-2-prey-2-predator-1000-cooldown-1-mil-steps-no-anomaly,deepant,-1,-1,125,0.5251130249899583,0.5886591031572763,0,0.002108350902924191,0.00040153741396747075,0.0010675826216115856,0.08394160583941605,0.08394160583941605,0.002817591571726081,0.09090909090909091,0.005465779467680608,0.5555465756928077,0.002016896653760708,0.0011798995529585916,0.6297659010850095,0.23908929524324074
-,4-lotka_volterra-2-prey-2-predator-1000-cooldown-1-mil-steps-no-anomaly,damp,-1,-1,125,0.5392329470926276,0.45701661873431143,0,0.000620989443179466,0.0003290186119469187,0.00031496062992125983,0.021897810218978103,0.021897810218978103,4.528575310207409e-05,0.03376623376623377,9.045019846860858e-05,0.6064675451975973,0.0023186995518394,0.001230457562768698,0.570832861803383,0.6468115335913164
-,4-lotka_volterra-2-prey-2-predator-1000-cooldown-1-mil-steps-no-anomaly,pcc,-1,-1,125,0.43871521361834653,0.5028347976636103,0,0.0,0.0002698347015793877,0.0,0.0,0.0,0.0,0.0,0.0,0.45867572010529384,0.0014291799568175844,0.0008539051876666041,0.6814804190814626,0.15224014622858267
-,4-lotka_volterra-2-prey-2-predator-1000-cooldown-1-mil-steps-no-anomaly,usad,-1,-1,125,0.31123832410812136,0.39337440351562636,0,0.0,0.00021039487946654598,0.0,0.0,0.0,0.0,0.0,0.0,0.3326511254761576,0.0011081644194232713,0.0006659079608434843,0.4721824193014378,0.33074112992228866
-,4-lotka_volterra-2-prey-2-predator-1000-cooldown-1-mil-steps-no-anomaly,if_lof,-1,-1,125,0.9883275521032308,0.9998782591357155,0,0.5774473358116481,0.7282761319551272,0.4371482176360225,0.8503649635036497,0.8503649635036497,0.4731829155839197,0.8541125541125542,0.6089849288557102,0.9049158040669506,0.5384924521211082,0.5724237845426152,1.0,0.5454217642928547
-,4-lotka_volterra-2-prey-2-predator-1000-cooldown-1-mil-steps-no-anomaly,tanogan,-1,-1,125,0.492109532470172,0.4899987584182248,0,0.0,0.00027427427427427427,0.0,0.0,0.0,0.0,0.0,0.0,0.49225462638111,0.0007248071251220339,0.00043019079022653015,0.3924855964835474,0.06614000081443173
-,4-lotka_volterra-2-prey-2-predator-1000-cooldown-1-mil-steps-no-anomaly,dae,-1,-1,125,0.47240150728105185,0.5626769343559753,0,0.0,0.00032998739660262087,0.0,0.0,0.0,0.0,0.0,0.0,0.4983059926120955,0.0016513621685264844,0.000978179625612066,0.4513897478859621,0.2833887756911736
-,4-lotka_volterra-2-prey-2-predator-1000-cooldown-1-mil-steps-no-anomaly,telemanom,-1,-1,125,0.3232104563653314,0.38449977972667104,0,0.0,0.0002007877406686864,0.0,0.0,0.0,0.0,0.0,0.0,0.3604124562381832,0.0010663751523114842,0.0006563126564529143,0.38189121522097597,0.16847828163803802
-,4-lotka_volterra-2-prey-2-predator-1000-cooldown-1-mil-steps-no-anomaly,copod,-1,-1,125,0.43298323975307673,0.4761420209931394,0,0.0,0.0002571733038672849,0.0,0.0,0.0,0.0,0.0,0.0,0.46528179627627536,0.0014908739648815843,0.0008742564319836225,0.3966954721697735,0.22062340111549472
-,4-lotka_volterra-2-prey-2-predator-1000-cooldown-1-mil-steps-no-anomaly,kmeans,-1,-1,125,0.5143259955321897,0.5452951805125278,0,0.0,0.0002949185826207185,0.0,0.0,0.0,0.0,0.0,0.0,0.5458100082282357,0.001678289857316173,0.0009902164130175138,0.4474697731711341,0.31912047885910383
-,4-lotka_volterra-2-prey-2-predator-1000-cooldown-1-mil-steps-no-anomaly,cblof,-1,-1,125,0.5148638399442182,0.5534344075520097,0,0.0017017498427731124,0.0003327867414076683,0.0008595881451582763,0.08394160583941605,0.08394160583941605,0.0007135765698684537,0.09090909090909091,0.0014160381714637526,0.5393940741464622,0.0016256488808095236,0.0009636935053164337,0.4541720468534219,0.16174487361565248
-,4-lotka_volterra-2-prey-2-predator-1000-cooldown-1-mil-steps,pca,-1,-1,125,0.3472986632965731,0.4415152239719826,0,0.0,0.0003072841648266731,0.0,0.0,0.0,0.0,0.0,0.0,0.3728215274179507,0.0012897722981733452,0.0007646737408100487,0.5279880759899358,0.1680561507407926
-,4-lotka_volterra-2-prey-2-predator-1000-cooldown-1-mil-steps,health_esn,-1,-1,125,0.4498211573180452,0.4710740205649735,0,0.0013487187172186424,0.00032979638595809544,0.0006884944920440637,0.032846715328467155,0.032846715328467155,0.00253592561284869,0.0466403162055336,0.004810305467985651,0.4924909047072429,0.0014892947832930194,0.0008686903136792545,0.7243311479415238,0.0689179534071011
-,4-lotka_volterra-2-prey-2-predator-1000-cooldown-1-mil-steps,fast_mcd,-1,-1,125,0.3728520205974917,0.4264779168076187,0,0.0,0.0002162262653929943,0.0,0.0,0.0,0.0,0.0,0.0,0.39334672816457694,0.0012328256201987959,0.000738015684839429,0.47595536769437713,0.7379043709270242
-,4-lotka_volterra-2-prey-2-predator-1000-cooldown-1-mil-steps,autoencoder,-1,-1,125,0.44597370714786705,0.5178058635022186,0,0.0,0.0003250006305962118,0.0,0.0,0.0,0.0,0.0,0.0,0.4766569062489525,0.0016165364501412672,0.0009494519997407076,0.576066056773309,0.2378990444921201
-,4-lotka_volterra-2-prey-2-predator-1000-cooldown-1-mil-steps,robust_pca,-1,-1,125,0.33280895112645015,0.425434138128472,0,0.0019414197687178188,0.000304333426661926,0.000982066609735269,0.08394160583941605,0.08394160583941605,0.0024932249322493225,0.09090909090909091,0.00485334458746571,0.36177330844868655,0.0013558943296719096,0.000798748175140945,0.5028915460027908,0.40233925743487214
-,4-lotka_volterra-2-prey-2-predator-1000-cooldown-1-mil-steps,knn,-1,-1,125,0.6478472401118789,0.6408935074525822,0,0.0,0.0004036773309930682,0.0,0.0,0.0,0.0,0.0,0.0,0.6617869070345354,0.001733784014197646,0.001095031150143813,0.7643780921492935,0.14311701862588316
-,4-lotka_volterra-2-prey-2-predator-1000-cooldown-1-mil-steps,hbos,-1,-1,125,0.41148315361814175,0.48339673430081315,0,0.0,0.00038333102307005346,0.0,0.0,0.0,0.0,0.0,0.0,0.4281749527836975,0.0013750253863192563,0.0008250867518418949,0.49579696404279,0.9195260663323183
-,4-lotka_volterra-2-prey-2-predator-1000-cooldown-1-mil-steps,torsk,-1,-1,125,0.9982906815696323,0.9980610297519039,0,0.0,0.06607185917530745,0.0,0.0,0.0,0.0,0.0,0.0,0.998428539324224,0.6217660819631462,0.5884593999591264,0.4838670430757812,1.0
-,4-lotka_volterra-2-prey-2-predator-1000-cooldown-1-mil-steps,iforest,-1,-1,125,0.4040139611717199,0.46646451301585956,0,0.0,0.00026318354400812517,0.0,0.0,0.0,0.0,0.0,0.0,0.4339364669728457,0.001373902674229593,0.0008163768900825106,0.5378752560275821,0.6904560050788184
-,4-lotka_volterra-2-prey-2-predator-1000-cooldown-1-mil-steps,gdn,-1,-1,125,0.3360840192257007,0.4473130172949827,0,0.002026342451874367,0.00034334578911121496,0.0010255495607972534,0.08394160583941605,0.08394160583941605,0.0011321126205946052,0.09090909090909091,0.0022363751276192325,0.3699848802438804,0.001410041749531259,0.0008249850745582738,0.7142526724587018,0.1554024588434329
-,4-lotka_volterra-2-prey-2-predator-1000-cooldown-1-mil-steps,deepant,-1,-1,125,0.2614809282067121,0.3658078402834115,0,0.0,0.00020196692661771004,0.0,0.0,0.0,0.0,0.0,0.0,0.28076159764166403,0.0010346349686682584,0.0006318198303889445,0.4595331780154653,0.1580165115595836
-,4-lotka_volterra-2-prey-2-predator-1000-cooldown-1-mil-steps,damp,-1,-1,125,0.5392329470926276,0.45701661873431143,0,0.000620989443179466,0.0003290186119469187,0.00031496062992125983,0.021897810218978103,0.021897810218978103,4.528575310207409e-05,0.03376623376623377,9.045019846860858e-05,0.6064675451975973,0.0023186995518394,0.001230457562768698,0.570832861803383,0.6468115335913164
-,4-lotka_volterra-2-prey-2-predator-1000-cooldown-1-mil-steps,pcc,-1,-1,125,0.43871521361834653,0.5028347976636103,0,0.0,0.0002698347015793877,0.0,0.0,0.0,0.0,0.0,0.0,0.45867572010529384,0.0014291799568175844,0.0008539051876666041,0.6814804190814626,0.15224014622858267
-,4-lotka_volterra-2-prey-2-predator-1000-cooldown-1-mil-steps,usad,-1,-1,125,0.32059007807169315,0.3920546455015807,0,0.0,0.00020581097410440064,0.0,0.0,0.0,0.0,0.0,0.0,0.34570109373527635,0.0011591197294588736,0.0006939855810613044,0.4996063407353409,0.5442051978836324
-,4-lotka_volterra-2-prey-2-predator-1000-cooldown-1-mil-steps,if_lof,-1,-1,125,0.9883275521032308,0.9998782591357155,0,0.5774473358116481,0.7282761319551272,0.4371482176360225,0.8503649635036497,0.8503649635036497,0.4731829155839197,0.8541125541125542,0.6089849288557102,0.9049158040669506,0.5384924521211082,0.5724237845426152,1.0,0.5454217642928547
-,4-lotka_volterra-2-prey-2-predator-1000-cooldown-1-mil-steps,tanogan,-1,-1,125,0.492109532470172,0.4899987584182248,0,0.0,0.00027427427427427427,0.0,0.0,0.0,0.0,0.0,0.0,0.49225462638111,0.0007248071251220339,0.00043019079022653015,0.385857140560843,0.06626142518148871
-,4-lotka_volterra-2-prey-2-predator-1000-cooldown-1-mil-steps,dae,-1,-1,125,0.4078240046285544,0.5175794290393113,0,0.0,0.0003243685887930314,0.0,0.0,0.0,0.0,0.0,0.0,0.4314356331153084,0.001520463724405192,0.000902652728020699,0.5131475190089515,0.7691874240034189
-,4-lotka_volterra-2-prey-2-predator-1000-cooldown-1-mil-steps,telemanom,-1,-1,125,0.46804734721281877,0.5226970364624093,0,0.0,0.00027432008753975224,0.0,0.0,0.0,0.0,0.0,0.0,0.4929642244857673,0.0014602110062021166,0.0008844648558487092,0.48265859480708284,0.9211017067845013
-,4-lotka_volterra-2-prey-2-predator-1000-cooldown-1-mil-steps,copod,-1,-1,125,0.43298323975307673,0.4761420209931394,0,0.0,0.0002571733038672849,0.0,0.0,0.0,0.0,0.0,0.0,0.46528179627627536,0.0014908739648815843,0.0008742564319836225,0.3966954721697735,0.22062340111549472
-,4-lotka_volterra-2-prey-2-predator-1000-cooldown-1-mil-steps,kmeans,-1,-1,125,0.5143259955321897,0.5452951805125278,0,0.0,0.0002949185826207185,0.0,0.0,0.0,0.0,0.0,0.0,0.5458100082282357,0.001678289857316173,0.0009902164130175138,0.4474697731711341,0.31912047885910383
-,4-lotka_volterra-2-prey-2-predator-1000-cooldown-1-mil-steps,cblof,-1,-1,125,0.5148638399442182,0.5534344075520097,0,0.0017017498427731124,0.0003327867414076683,0.0008595881451582763,0.08394160583941605,0.08394160583941605,0.0007135765698684537,0.09090909090909091,0.0014160381714637526,0.5393940741464622,0.0016256488808095236,0.0009636935053164337,0.4541720468534219,0.16174487361565248
-,4-lotka_volterra-2-prey-2-predator-300-cooldown-short-no-anomaly,hybrid_knn,-1,-1,125,0.5002007836110142,0.5,0,0.0,0.00031155778894472364,0.0,0.0,0.0,0.0,0.0,0.0,0.5004027443951631,0.5009603686404709,0.5005570040193281,,0.0
-,4-lotka_volterra-2-prey-2-predator-300-cooldown-short-no-anomaly,subsequence_knn,-1,-1,125,0.7187289689803847,0.677843461684772,0,0.0,0.0005039344186189697,0.0,0.0,0.0,0.0,0.0,0.0,0.7390841363701764,0.003393013858842592,0.0019528364061005975,0.3778571714949191,0.8614106915965781
-,4-lotka_volterra-2-prey-2-predator-300-cooldown-short-no-anomaly,pca,-1,-1,125,0.27176031323358896,0.2848811057684044,0,0.0,0.00027910214186399173,0.0,0.0,0.0,0.0,0.0,0.0,0.2787701308097189,0.0014048090606841946,0.0008273126887741466,0.06102887060451551,0.03481278104144542
-,4-lotka_volterra-2-prey-2-predator-300-cooldown-short-no-anomaly,health_esn,-1,-1,125,0.6791952863325749,0.6828189946681394,0,0.0,0.00045588553856412337,0.0,0.0,0.0,0.0,0.0,0.0,0.6886518803345888,0.002248460908671468,0.0013841034951855102,0.6687716018520531,0.240727054032708
-,4-lotka_volterra-2-prey-2-predator-300-cooldown-short-no-anomaly,fast_mcd,-1,-1,125,0.579966957452872,0.6311315504684716,0,0.00631768953068592,0.001243748638025453,0.0031885818402672336,0.3387096774193548,0.3387096774193548,0.003968253968253968,0.3333333333333333,0.00784313725490196,0.6088979403293249,0.005166066616427862,0.0029943693155131774,0.5099766276849782,0.363689114725874
-,4-lotka_volterra-2-prey-2-predator-300-cooldown-short-no-anomaly,autoencoder,-1,-1,125,0.5739096664311755,0.6086308621360068,0,0.0,0.00040427615626090945,0.0,0.0,0.0,0.0,0.0,0.0,0.592141402996296,0.002340390230396062,0.001412819642101747,0.45068183713942417,0.931725064263984
-,4-lotka_volterra-2-prey-2-predator-300-cooldown-short-no-anomaly,robust_pca,-1,-1,125,0.5606570192024216,0.6256788871488248,0,0.0,0.0007667911578597654,0.0,0.0,0.0,0.0,0.0,0.0,0.5827127891289287,0.0032616496105101786,0.0018784368972821772,0.5153004590634437,0.7102073930248839
-,4-lotka_volterra-2-prey-2-predator-300-cooldown-short-no-anomaly,encdec_ad,-1,-1,125,0.5002541572118152,0.5535004989396923,0,0.0,0.0005439624796227402,0.0,0.0,0.0,0.0,0.0,0.0,0.5337365000792146,0.002736695101438997,0.0016297426511972337,0.33999325258774993,0.3339539680698427
-,4-lotka_volterra-2-prey-2-predator-300-cooldown-short-no-anomaly,knn,-1,-1,125,0.7262749974203574,0.7033735020053257,0,0.0,0.0005264763936565866,0.0,0.0,0.0,0.0,0.0,0.0,0.7606338799958635,0.0032425561373416456,0.0017497319572787227,0.376108277527279,0.8615802346293483
-,4-lotka_volterra-2-prey-2-predator-300-cooldown-short-no-anomaly,hif,-1,-1,125,0.6534904938675643,0.6789974522780481,0,0.0,0.0008932603975283053,0.0,0.0,0.0,0.0,0.0,0.0,0.6792679440122459,0.004961706679272291,0.002884296171441639,0.4483170751908994,0.936282827036389
-,4-lotka_volterra-2-prey-2-predator-300-cooldown-short-no-anomaly,multi_subsequence_lof,-1,-1,125,0.9904397439631071,0.8845249727666814,0,0.16279069767441862,0.11377631072606742,0.10714285714285714,0.3387096774193548,0.3387096774193548,0.05185185185185185,0.3333333333333333,0.08974358974358973,0.9985441286834894,0.138881220604298,0.09086101948923303,0.3635703164461684,0.33342277353669103
-,4-lotka_volterra-2-prey-2-predator-300-cooldown-short-no-anomaly,hbos,-1,-1,125,0.6875941629776463,0.7179518809394011,0,0.0,0.0015999873167602116,0.0,0.0,0.0,0.0,0.0,0.0,0.7109160041438424,0.005710623059208272,0.0032596843119725195,0.49465542094976617,0.9661215142046665
-,4-lotka_volterra-2-prey-2-predator-300-cooldown-short-no-anomaly,torsk,-1,-1,125,0.9991964103537878,0.9988488875931194,0,0.0,0.11923076923076924,0.0,0.0,0.0,0.0,0.0,0.0,0.9994158937390502,0.7767165228362967,0.6926759592802779,0.49301909202434907,1.0
-,4-lotka_volterra-2-prey-2-predator-300-cooldown-short-no-anomaly,mstamp,-1,-1,125,0.989099317084431,0.9964639655927816,0,0.07492795389048991,0.1288363012184872,0.0392156862745098,0.8387096774193549,0.8387096774193549,0.022750980679911628,0.8704761904761905,0.044343001716381655,0.9500158161834522,0.3086201647079712,0.37287730815298403,0.6189834356974572,0.9858125741108236
-,4-lotka_volterra-2-prey-2-predator-300-cooldown-short-no-anomaly,deepnap,-1,-1,125,0.48190992824772194,0.5008371063249079,0,0.0,0.00029669050585343266,0.0,0.0,0.0,0.0,0.0,0.0,0.4893383282477585,0.001686827374102235,0.001035480853153704,0.4370410545611492,0.6635149859451444
-,4-lotka_volterra-2-prey-2-predator-300-cooldown-short-no-anomaly,iforest,-1,-1,125,0.661875388660983,0.6909955979152526,0,0.0,0.0009455038459645508,0.0,0.0,0.0,0.0,0.0,0.0,0.6864595485714573,0.00491848641503225,0.002844581806522528,0.4868236109183773,0.9340322919466981
-,4-lotka_volterra-2-prey-2-predator-300-cooldown-short-no-anomaly,multi_hmm,-1,-1,125,0.5974321646077227,0.6522312106316801,0,0.0,0.0006564374015723816,0.0,0.0,0.0,0.0,0.0,0.0,0.6119190725278904,0.002760963499677374,0.0015969258545378254,0.46548535849976086,0.9595990756940741
-,4-lotka_volterra-2-prey-2-predator-300-cooldown-short-no-anomaly,gdn,-1,-1,125,0.5583359526687163,0.6433551675526076,0,0.0,0.0015962295043967156,0.0,0.0,0.0,0.0,0.0,0.0,0.5727534245445618,0.006075392553158381,0.0033278005240057105,0.5150497703169127,0.682945977200505
-,4-lotka_volterra-2-prey-2-predator-300-cooldown-short-no-anomaly,deepant,-1,-1,125,0.4538224855214873,0.5431085434625604,0,0.0,0.0009711576279346168,0.0,0.0,0.0,0.0,0.0,0.0,0.48086928678017454,0.0036493744672924924,0.00205386330786545,0.5974210183610255,0.8904464393342666
-,4-lotka_volterra-2-prey-2-predator-300-cooldown-short-no-anomaly,damp,-1,-1,125,0.4371546755539301,0.5210280298060118,0,0.0,0.0009115991478296924,0.0,0.0,0.0,0.0,0.0,0.0,0.47340495988934234,0.003076099177966223,0.001760783560202334,0.42355699961114857,0.9290128771927146
-,4-lotka_volterra-2-prey-2-predator-300-cooldown-short-no-anomaly,pcc,-1,-1,125,0.668031772076421,0.6988817881012693,0,0.0,0.0009406604944041106,0.0,0.0,0.0,0.0,0.0,0.0,0.6917627678743744,0.00528093214070869,0.003099470910109061,0.5102789299306946,0.37929595858545345
-,4-lotka_volterra-2-prey-2-predator-300-cooldown-short-no-anomaly,usad,-1,-1,125,0.6424548147742025,0.6725496256087568,0,0.0,0.000940624840834124,0.0,0.0,0.0,0.0,0.0,0.0,0.6695734004528066,0.005360298871287184,0.003104790965255475,0.5095998265155507,0.7074311186106836
-,4-lotka_volterra-2-prey-2-predator-300-cooldown-short-no-anomaly,if_lof,-1,-1,125,0.9081658705620276,0.6774027343257211,0,0.3169811320754717,0.3740381719559658,0.20689655172413793,0.6774193548387096,0.6774193548387096,0.19384615384615386,0.6666666666666666,0.300357568533969,0.980140070094725,0.6180549232430045,0.5384768984989593,0.5000023154837397,1.0
-,4-lotka_volterra-2-prey-2-predator-300-cooldown-short-no-anomaly,tanogan,-1,-1,125,0.49216239021606495,0.49000442348872514,0,0.0,0.00031155778894472364,0.0,0.0,0.0,0.0,0.0,0.0,0.4923611054230646,0.0009603686404708703,0.0005570040193279631,0.05368403343574652,0.033415523382015096
-,4-lotka_volterra-2-prey-2-predator-300-cooldown-short-no-anomaly,dae,-1,-1,125,0.42174125566194826,0.44291891557071267,0,0.0,0.0002673710754587843,0.0,0.0,0.0,0.0,0.0,0.0,0.43658846261624323,0.0015623851308380833,0.0009337641702614248,0.4163420804177578,0.6654640247803387
-,4-lotka_volterra-2-prey-2-predator-300-cooldown-short-no-anomaly,telemanom,-1,-1,125,0.20540854507283537,0.32287049069267487,0,0.0,0.0002796095195673316,0.0,0.0,0.0,0.0,0.0,0.0,0.2348319537665668,0.0012274431819101496,0.0007719814444954727,0.38662132038084956,0.8676862530158393
-,4-lotka_volterra-2-prey-2-predator-300-cooldown-short-no-anomaly,copod,-1,-1,125,0.5930333373970652,0.6279353852829492,0,0.0,0.000728803561721779,0.0,0.0,0.0,0.0,0.0,0.0,0.624900047094665,0.004083805994799527,0.002364326292214012,0.5560189945271334,0.6782179541593497
-,4-lotka_volterra-2-prey-2-predator-300-cooldown-short-no-anomaly,kmeans,-1,-1,125,0.36750390035104075,0.4331145965723151,0,0.0,0.0002703445074526522,0.0,0.0,0.0,0.0,0.0,0.0,0.4061819667235793,0.0013110676740673908,0.0007969155917633356,0.5197185653258923,0.9560156688945421
-,4-lotka_volterra-2-prey-2-predator-300-cooldown-short-no-anomaly,cblof,-1,-1,125,0.3776358970783981,0.43181981807267555,0,0.0,0.0002617392002032927,0.0,0.0,0.0,0.0,0.0,0.0,0.41379846486872984,0.001422062963513821,0.0008291710585009614,0.4817633995211306,0.6429012975742975
-,4-lotka_volterra-2-prey-2-predator-300-cooldown-short,hybrid_knn,-1,-1,125,0.5002007836110142,0.5,0,0.0,0.00031155778894472364,0.0,0.0,0.0,0.0,0.0,0.0,0.5004027443951631,0.5009603686404709,0.5005570040193281,,0.0
-,4-lotka_volterra-2-prey-2-predator-300-cooldown-short,subsequence_knn,-1,-1,125,0.7187289689803847,0.677843461684772,0,0.0,0.0005039344186189697,0.0,0.0,0.0,0.0,0.0,0.0,0.7390841363701764,0.003393013858842592,0.0019528364061005975,0.3778571714949191,0.8614106915965781
-,4-lotka_volterra-2-prey-2-predator-300-cooldown-short,pca,-1,-1,125,0.27176031323358896,0.2848811057684044,0,0.0,0.00027910214186399173,0.0,0.0,0.0,0.0,0.0,0.0,0.2787701308097189,0.0014048090606841946,0.0008273126887741466,0.06102887060451551,0.03481278104144542
-,4-lotka_volterra-2-prey-2-predator-300-cooldown-short,health_esn,-1,-1,125,0.5306065859584451,0.5420189269537372,0,0.0,0.0003187437075046893,0.0,0.0,0.0,0.0,0.0,0.0,0.5485269780757341,0.0015367364634239714,0.0009378783749283729,0.6680325196182857,0.23294495286539285
-,4-lotka_volterra-2-prey-2-predator-300-cooldown-short,fast_mcd,-1,-1,125,0.5823539553062336,0.6334026422237566,0,0.006215776232055646,0.0012728256837861024,0.003136669156086632,0.3387096774193548,0.3387096774193548,0.0036842105263157894,0.3333333333333333,0.0072878709005726175,0.6109298860513017,0.005117574636832175,0.002999488210043356,0.5083248781346228,0.3637566895392719
-,4-lotka_volterra-2-prey-2-predator-300-cooldown-short,autoencoder,-1,-1,125,0.43930193124725847,0.5392956761694923,0,0.0,0.0007824942652431294,0.0,0.0,0.0,0.0,0.0,0.0,0.4569563618262512,0.0032175606553077416,0.001869121648092877,0.45098041761734714,0.8839949031433552
-,4-lotka_volterra-2-prey-2-predator-300-cooldown-short,robust_pca,-1,-1,125,0.5807404763503278,0.6314797704844985,0,0.0,0.000528808408979271,0.0,0.0,0.0,0.0,0.0,0.0,0.6016076088502942,0.002741002855175349,0.001595477774773902,0.42162373565650874,0.7137361904517826
-,4-lotka_volterra-2-prey-2-predator-300-cooldown-short,encdec_ad,-1,-1,125,0.45579352941857804,0.5089674153626725,0,0.0,0.0003816998239532969,0.0,0.0,0.0,0.0,0.0,0.0,0.49011333182880745,0.0019968997954463987,0.0011702385282169269,0.4580589284690399,0.3231532845737433
-,4-lotka_volterra-2-prey-2-predator-300-cooldown-short,knn,-1,-1,125,0.7262749974203574,0.7033735020053257,0,0.0,0.0005264763936565866,0.0,0.0,0.0,0.0,0.0,0.0,0.7606338799958635,0.0032425561373416456,0.0017497319572787227,0.376108277527279,0.8615802346293483
-,4-lotka_volterra-2-prey-2-predator-300-cooldown-short,hif,-1,-1,125,0.6320210130515949,0.6591474114645541,0,0.0,0.0008207349322307268,0.0,0.0,0.0,0.0,0.0,0.0,0.659297669267853,0.004682131078293732,0.0027234739669261382,0.43793771541970045,0.9383923364285535
-,4-lotka_volterra-2-prey-2-predator-300-cooldown-short,multi_subsequence_lof,-1,-1,125,0.9904397439631071,0.8845249727666814,0,0.16279069767441862,0.11377631072606742,0.10714285714285714,0.3387096774193548,0.3387096774193548,0.05185185185185185,0.3333333333333333,0.08974358974358973,0.9985441286834894,0.138881220604298,0.09086101948923303,0.3635703164461684,0.33342277353669103
-,4-lotka_volterra-2-prey-2-predator-300-cooldown-short,hbos,-1,-1,125,0.6875941629776463,0.7179518809394011,0,0.0,0.0015999873167602116,0.0,0.0,0.0,0.0,0.0,0.0,0.7109160041438424,0.005710623059208272,0.0032596843119725195,0.49465542094976617,0.9661215142046665
-,4-lotka_volterra-2-prey-2-predator-300-cooldown-short,torsk,-1,-1,125,0.9991964103537878,0.9988488875931194,0,0.0,0.11923076923076924,0.0,0.0,0.0,0.0,0.0,0.0,0.9994158937390502,0.7767165228362967,0.6926759592802779,0.49301909202434907,1.0
-,4-lotka_volterra-2-prey-2-predator-300-cooldown-short,mstamp,-1,-1,125,0.989099317084431,0.9964639655927816,0,0.07492795389048991,0.1288363012184872,0.0392156862745098,0.8387096774193549,0.8387096774193549,0.022750980679911628,0.8704761904761905,0.044343001716381655,0.9500158161834522,0.3086201647079712,0.37287730815298403,0.6189834356974572,0.9858125741108236
-,4-lotka_volterra-2-prey-2-predator-300-cooldown-short,deepnap,-1,-1,125,0.5072898952575339,0.5616421991095296,0,0.0,0.00034492631776198736,0.0,0.0,0.0,0.0,0.0,0.0,0.5207279634803558,0.0018146522477220065,0.0011096343043901964,0.44193144199536655,0.32018261011920585
-,4-lotka_volterra-2-prey-2-predator-300-cooldown-short,iforest,-1,-1,125,0.661875388660983,0.6909955979152526,0,0.0,0.0009455038459645508,0.0,0.0,0.0,0.0,0.0,0.0,0.6864595485714573,0.00491848641503225,0.002844581806522528,0.4868236109183773,0.9340322919466981
-,4-lotka_volterra-2-prey-2-predator-300-cooldown-short,gdn,-1,-1,125,0.49730118733864515,0.507331835271096,0,0.0,0.00030155321343957263,0.0,0.0,0.0,0.0,0.0,0.0,0.5075474823433681,0.0018828120078406888,0.0011069352820119028,0.3609786665864691,0.9136421524758737
-,4-lotka_volterra-2-prey-2-predator-300-cooldown-short,deepant,-1,-1,125,0.23557618446168768,0.26811056224682095,0,0.0,0.0002000160494015522,0.0,0.0,0.0,0.0,0.0,0.0,0.25220315108607694,0.0011548748810472544,0.0006885205352875769,0.5240343264562212,0.8727655173989156
-,4-lotka_volterra-2-prey-2-predator-300-cooldown-short,damp,-1,-1,125,0.4371546755539301,0.5210280298060118,0,0.0,0.0009115991478296924,0.0,0.0,0.0,0.0,0.0,0.0,0.47340495988934234,0.003076099177966223,0.001760783560202334,0.42355699961114857,0.9290128771927146
-,4-lotka_volterra-2-prey-2-predator-300-cooldown-short,pcc,-1,-1,125,0.668031772076421,0.6988817881012693,0,0.0,0.0009406604944041106,0.0,0.0,0.0,0.0,0.0,0.0,0.6917627678743744,0.00528093214070869,0.003099470910109061,0.5102789299306946,0.37929595858545345
-,4-lotka_volterra-2-prey-2-predator-300-cooldown-short,usad,-1,-1,125,0.6993268807201745,0.730154094045835,0,0.0,0.0008527805516330875,0.0,0.0,0.0,0.0,0.0,0.0,0.7185133359694381,0.00434446677377619,0.00255010594027917,0.4041589479929399,0.43888631183415777
-,4-lotka_volterra-2-prey-2-predator-300-cooldown-short,if_lof,-1,-1,125,0.9081658705620276,0.6774027343257211,0,0.3169811320754717,0.3740381719559658,0.20689655172413793,0.6774193548387096,0.6774193548387096,0.19384615384615386,0.6666666666666666,0.300357568533969,0.980140070094725,0.6180549232430045,0.5384768984989593,0.5000023154837397,1.0
-,4-lotka_volterra-2-prey-2-predator-300-cooldown-short,tanogan,-1,-1,125,0.49216239021606495,0.49000442348872514,0,0.0,0.00031155778894472364,0.0,0.0,0.0,0.0,0.0,0.0,0.4923611054230646,0.0009603686404708703,0.0005570040193279631,0.049945794780160396,0.03353353986217362
-,4-lotka_volterra-2-prey-2-predator-300-cooldown-short,dae,-1,-1,125,0.3528900094379274,0.3876255497336015,0,0.0,0.00023852729648659552,0.0,0.0,0.0,0.0,0.0,0.0,0.36669886583311945,0.0013477441776266915,0.0008056584122038061,0.4140269712072467,0.6715415185066558
-,4-lotka_volterra-2-prey-2-predator-300-cooldown-short,telemanom,-1,-1,125,0.6466650404947062,0.6497384985239362,0,0.0,0.0007789386333172999,0.0,0.0,0.0,0.0,0.0,0.0,0.6966368447970329,0.004422155489925266,0.00256745078170777,0.3984190930607614,0.8619679173083772
-,4-lotka_volterra-2-prey-2-predator-300-cooldown-short,copod,-1,-1,125,0.5930333373970652,0.6279353852829492,0,0.0,0.000728803561721779,0.0,0.0,0.0,0.0,0.0,0.0,0.624900047094665,0.004083805994799527,0.002364326292214012,0.5560189945271334,0.6782179541593497
-,4-lotka_volterra-2-prey-2-predator-300-cooldown-short,kmeans,-1,-1,125,0.36750390035104075,0.4331145965723151,0,0.0,0.0002703445074526522,0.0,0.0,0.0,0.0,0.0,0.0,0.4061819667235793,0.0013110676740673908,0.0007969155917633356,0.5197185653258923,0.9560156688945421
-,4-lotka_volterra-2-prey-2-predator-300-cooldown-short,cblof,-1,-1,125,0.3776358970783981,0.43181981807267555,0,0.0,0.0002617392002032927,0.0,0.0,0.0,0.0,0.0,0.0,0.41379846486872984,0.001422062963513821,0.0008291710585009614,0.4817633995211306,0.6429012975742975
-,4-lotka_volterra-3-prey-2-predator-300-cooldown-short-no-anomaly,hybrid_knn,-1,-1,125,0.4357826640957685,0.4347594469768167,0,0.0,0.00010552763819095478,0.0,0.0,0.0,0.0,0.0,0.0,0.43584127640094883,0.0003209604010949802,0.0001865055273806778,0.4241758870421901,0.8550301507537688
-,4-lotka_volterra-3-prey-2-predator-300-cooldown-short-no-anomaly,subsequence_knn,-1,-1,125,0.651757062848839,0.48081479763717583,0,0.0,9.699012360187173e-05,0.0,0.0,0.0,0.0,0.0,0.0,0.7337111920251329,0.0007443164649238549,0.00038380186394676457,0.7826840793769291,0.9322763819095476
-,4-lotka_volterra-3-prey-2-predator-300-cooldown-short-no-anomaly,pca,-1,-1,125,0.14352931793064272,0.14351011915830314,0,0.0,0.00012250683996523138,0.0,0.0,0.0,0.0,0.0,0.0,0.1435486224713644,0.0003726023359015107,0.00021651392172836667,0.014994974874371757,0.019944723618090437
-,4-lotka_volterra-3-prey-2-predator-300-cooldown-short-no-anomaly,health_esn,-1,-1,125,0.9148614041953043,0.89585285262216,0,0.0,0.0005338288948959517,0.0,0.0,0.0,0.0,0.0,0.0,0.9231976884279924,0.002412200260400494,0.0014445445093830176,0.6524673366834172,0.684819095477387
-,4-lotka_volterra-3-prey-2-predator-300-cooldown-short-no-anomaly,fast_mcd,-1,-1,125,0.5378921404905099,0.5373476837349909,0,0.0,0.00011931215022952356,0.0,0.0,0.0,0.0,0.0,0.0,0.5374144785427397,0.0006067139305448009,0.00034603158846312427,0.8545376884422111,0.8979547738693467
-,4-lotka_volterra-3-prey-2-predator-300-cooldown-short-no-anomaly,autoencoder,-1,-1,125,0.3717428732955109,0.36792899178879607,0,0.0,8.720083038111667e-05,0.0,0.0,0.0,0.0,0.0,0.0,0.37352369242492356,0.0003078168695897467,0.00019794670462666467,0.8306015381024829,0.9185276381909547
-,4-lotka_volterra-3-prey-2-predator-300-cooldown-short-no-anomaly,robust_pca,-1,-1,125,0.4401783692646992,0.43874598874875287,0,0.0,9.842938800252506e-05,0.0,0.0,0.0,0.0,0.0,0.0,0.44115466419270055,0.00033607462845895584,0.00021684253039561477,0.45545066686045166,0.9579949748743718
-,4-lotka_volterra-3-prey-2-predator-300-cooldown-short-no-anomaly,encdec_ad,-1,-1,125,0.10671392520265173,0.10315900768662115,0,0.0,6.159694499356997e-05,0.0,0.0,0.0,0.0,0.0,0.0,0.11015611885359339,0.00021232546978902192,0.00013848821014578088,0.7152305926797106,0.8939045226130653
-,4-lotka_volterra-3-prey-2-predator-300-cooldown-short-no-anomaly,knn,-1,-1,125,0.45855474464117985,0.6163086365419275,0,0.0,0.00013605781509224568,0.0,0.0,0.0,0.0,0.0,0.0,0.35174508980695995,0.00026640557568745164,0.00019443736709553742,0.7826769195930866,0.9317738693467336
-,4-lotka_volterra-3-prey-2-predator-300-cooldown-short-no-anomaly,hif,-1,-1,125,0.5539132196789519,0.553308927790657,0,0.0,0.00015256175021306672,0.0,0.0,0.0,0.0,0.0,0.0,0.5553082839438912,0.0004933359772932084,0.00033486644931433424,0.6205367835353032,0.9907688442211056
-,4-lotka_volterra-3-prey-2-predator-300-cooldown-short-no-anomaly,multi_subsequence_lof,-1,-1,125,0.9981502609169581,0.9998521021242012,0,0.19004524886877827,0.32002924444595704,0.105,1.0,1.0,0.07291666666666667,1.0,0.13592233009708737,0.9982308180118594,0.06070545050704768,0.04061142891574934,0.9995391592106876,0.9999806173725772
-,4-lotka_volterra-3-prey-2-predator-300-cooldown-short-no-anomaly,hbos,-1,-1,125,0.7188880927446972,0.718236597831932,0,0.0,0.0003707168958638586,0.0,0.0,0.0,0.0,0.0,0.0,0.7189847824291522,0.0011275287273448031,0.0006551909182967299,0.5841237102678707,1.0
-,4-lotka_volterra-3-prey-2-predator-300-cooldown-short-no-anomaly,torsk,-1,-1,125,0.9986609075487803,0.9985425597676137,0,0.0,0.03494176372712146,0.0,0.0,0.0,0.0,0.0,0.0,0.9987490167823068,0.5859357349448089,0.5567111610035521,0.49577743654751066,1.0
-,4-lotka_volterra-3-prey-2-predator-300-cooldown-short-no-anomaly,mstamp,-1,-1,125,0.996964905357679,0.999921264723078,0,0.03598971722365039,0.3998344100844758,0.01832460732984293,1.0,1.0,0.004475703324808185,1.0,0.008911521323997456,0.9890291663257207,0.035078943976944534,0.028392906880863576,0.7020654425976035,0.9999997607083034
-,4-lotka_volterra-3-prey-2-predator-300-cooldown-short-no-anomaly,deepnap,-1,-1,125,0.399596141604903,0.3989530840655834,0,0.0,9.195887693544207e-05,0.0,0.0,0.0,0.0,0.0,0.0,0.39958512994967055,0.00034696974637264715,0.0002312351671271692,0.8422613065326633,0.8796331658291456
-,4-lotka_volterra-3-prey-2-predator-300-cooldown-short-no-anomaly,iforest,-1,-1,125,0.5527351851979398,0.5423738183426392,0,0.0,0.00011920992338927545,0.0,0.0,0.0,0.0,0.0,0.0,0.5566239547782291,0.0004182560091407555,0.0002661221808245716,0.6261280350325601,0.970427135678392
-,4-lotka_volterra-3-prey-2-predator-300-cooldown-short-no-anomaly,gdn,-1,-1,125,0.7082867097290577,0.6954957438676826,0,0.0,0.0001766591454073299,0.0,0.0,0.0,0.0,0.0,0.0,0.7138357195210099,0.000644772028117206,0.00040584739492222077,0.5196452112773616,0.7425276381909547
-,4-lotka_volterra-3-prey-2-predator-300-cooldown-short-no-anomaly,deepant,-1,-1,125,0.5719698300256134,0.5652173392789237,0,0.0,0.00012704672363190046,0.0,0.0,0.0,0.0,0.0,0.0,0.5801515883730233,0.0004919908010901697,0.00031686603027937077,0.7178494298601831,0.8913919597989949
-,4-lotka_volterra-3-prey-2-predator-300-cooldown-short-no-anomaly,damp,-1,-1,125,0.38927556900835764,0.3796009581293456,0,0.0,8.878455398043011e-05,0.0,0.0,0.0,0.0,0.0,0.0,0.39892730700110085,0.0003065788498564213,0.00019485738190439756,0.4500996546909886,0.9909798994974873
-,4-lotka_volterra-3-prey-2-predator-300-cooldown-short-no-anomaly,pcc,-1,-1,125,0.25812975687482,0.25009578660969006,0,0.0,7.311805604402505e-05,0.0,0.0,0.0,0.0,0.0,0.0,0.261958642757962,0.0002515647637448065,0.00016027983186599863,0.5778865929073751,0.8965678391959799
-,4-lotka_volterra-3-prey-2-predator-300-cooldown-short-no-anomaly,usad,-1,-1,125,0.3408886016734024,0.32775641076265766,0,0.0,8.160866043739799e-05,0.0,0.0,0.0,0.0,0.0,0.0,0.34649369200990476,0.0003023197530691268,0.00019160171099143395,0.5507540469296514,0.9013819095477387
-,4-lotka_volterra-3-prey-2-predator-300-cooldown-short-no-anomaly,if_lof,-1,-1,125,0.9980095592156598,0.9999932991253684,0,0.5,0.9539708204680983,1.0,0.3333333333333333,0.3333333333333333,1.0,0.4666666666666667,0.6363636363636364,0.9889313359790866,0.5455383588987747,0.5476011990965566,1.0,0.9999940177075854
-,4-lotka_volterra-3-prey-2-predator-300-cooldown-short-no-anomaly,tanogan,-1,-1,125,0.49203230416377025,0.49000648309620615,0,0.0,0.00010552763819095478,0.0,0.0,0.0,0.0,0.0,0.0,0.4920984819857587,0.0003209604010949802,0.0001865055273806778,0.33838437616378325,0.356537688442211
-,4-lotka_volterra-3-prey-2-predator-300-cooldown-short-no-anomaly,dae,-1,-1,125,0.5633559212405562,0.5580024118362334,0,0.0,0.0001244520160455397,0.0,0.0,0.0,0.0,0.0,0.0,0.566907415592488,0.0004275891198954467,0.0002721873649029152,0.5220141053259825,1.0
-,4-lotka_volterra-3-prey-2-predator-300-cooldown-short-no-anomaly,telemanom,-1,-1,125,0.5972017662333143,0.5972161694976665,0,0.0,0.00013718255711037272,0.0,0.0,0.0,0.0,0.0,0.0,0.5983418221647012,0.0006412116304556274,0.00041395797779515903,0.38177239912722327,0.8755929648241205
-,4-lotka_volterra-3-prey-2-predator-300-cooldown-short-no-anomaly,copod,-1,-1,125,0.49078784331060765,0.46892983921012005,0,0.0,0.0001013291099410364,0.0,0.0,0.0,0.0,0.0,0.0,0.5010794330653073,0.00036783540725160316,0.00023075062776949296,0.6470142218786239,0.8643467336683417
-,4-lotka_volterra-3-prey-2-predator-300-cooldown-short-no-anomaly,kmeans,-1,-1,125,0.29379271909287075,0.2925539641776028,0,0.0,7.813245020193592e-05,0.0,0.0,0.0,0.0,0.0,0.0,0.29714355508898216,0.00028700713169226336,0.000196501334486527,0.5221153414070722,0.981391959798995
-,4-lotka_volterra-3-prey-2-predator-300-cooldown-short-no-anomaly,cblof,-1,-1,125,0.3351574725889241,0.3331095719840261,0,0.0,8.284712871523228e-05,0.0,0.0,0.0,0.0,0.0,0.0,0.33813482016742497,0.0002911415851980475,0.00019269574657969092,0.7377994769505254,0.9395427135678392
-,4-lotka_volterra-3-prey-2-predator-300-cooldown-short,hybrid_knn,-1,-1,125,0.4719420699262756,0.47184627523507505,0,0.0,0.00010552763819095478,0.0,0.0,0.0,0.0,0.0,0.0,0.4720055456331106,0.0003209604010949802,0.0001865055273806778,0.639777245743175,0.740075376884422
-,4-lotka_volterra-3-prey-2-predator-300-cooldown-short,subsequence_knn,-1,-1,125,0.651757062848839,0.48081479763717583,0,0.0,9.699012360187173e-05,0.0,0.0,0.0,0.0,0.0,0.0,0.7337111920251329,0.0007443164649238549,0.00038380186394676457,0.7826840793769291,0.9322763819095476
-,4-lotka_volterra-3-prey-2-predator-300-cooldown-short,pca,-1,-1,125,0.14352931793064272,0.14351011915830314,0,0.0,0.00012250683996523138,0.0,0.0,0.0,0.0,0.0,0.0,0.1435486224713644,0.0003726023359015107,0.00021651392172836667,0.014994974874371757,0.019944723618090437
-,4-lotka_volterra-3-prey-2-predator-300-cooldown-short,health_esn,-1,-1,125,0.9348768721560617,0.928075204873259,0,0.0,0.0007296489619267779,0.0,0.0,0.0,0.0,0.0,0.0,0.9379893165538684,0.0028764876524863194,0.0017724841551895964,0.6435477386934674,0.6763969849246232
-,4-lotka_volterra-3-prey-2-predator-300-cooldown-short,fast_mcd,-1,-1,125,0.5380822939487988,0.5373910001031457,0,0.0,0.00011931660986904794,0.0,0.0,0.0,0.0,0.0,0.0,0.5375640507402962,0.000595765875789747,0.0003392675387045181,0.8546432160804021,0.8980552763819095
-,4-lotka_volterra-3-prey-2-predator-300-cooldown-short,autoencoder,-1,-1,125,0.0019577548750323174,0.0012982944598843912,0,0.0,5.534747723671916e-05,0.0,0.0,0.0,0.0,0.0,0.0,0.0019580181909824024,0.0003209604010949802,0.0001865055273806778,0.5875897539874518,0.9197738693467337
-,4-lotka_volterra-3-prey-2-predator-300-cooldown-short,robust_pca,-1,-1,125,0.1544942737269413,0.15339139641201668,0,0.0,6.526811141681714e-05,0.0,0.0,0.0,0.0,0.0,0.0,0.1552090317248523,0.00022493237185053925,0.0001441320582277723,0.3869961410313897,0.5934522613065326
-,4-lotka_volterra-3-prey-2-predator-300-cooldown-short,encdec_ad,-1,-1,125,0.632595546638962,0.6314078609396205,0,0.0,0.00014991696306773493,0.0,0.0,0.0,0.0,0.0,0.0,0.6326208523528585,0.0006170880617346042,0.000414918402540295,0.7262436874932247,0.8979648241206031
-,4-lotka_volterra-3-prey-2-predator-300-cooldown-short,knn,-1,-1,125,0.45855474464117985,0.6163086365419275,0,0.0,0.00013605781509224568,0.0,0.0,0.0,0.0,0.0,0.0,0.35174508980695995,0.00026640557568745164,0.00019443736709553742,0.7826769195930866,0.9317738693467336
-,4-lotka_volterra-3-prey-2-predator-300-cooldown-short,hif,-1,-1,125,0.5384301768556853,0.5381836178452907,0,0.0,0.0001439047656554598,0.0,0.0,0.0,0.0,0.0,0.0,0.5385596966276349,0.00047735448663042425,0.00028369432499109683,0.5999203286003296,0.9791105527638192
-,4-lotka_volterra-3-prey-2-predator-300-cooldown-short,multi_subsequence_lof,-1,-1,125,0.9981502609169581,0.9998521021242012,0,0.19004524886877827,0.32002924444595704,0.105,1.0,1.0,0.07291666666666667,1.0,0.13592233009708737,0.9982308180118594,0.06070545050704768,0.04061142891574934,0.9995391592106876,0.9999806173725772
-,4-lotka_volterra-3-prey-2-predator-300-cooldown-short,hbos,-1,-1,125,0.7188880927446972,0.718236597831932,0,0.0,0.0003707168958638586,0.0,0.0,0.0,0.0,0.0,0.0,0.7189847824291522,0.0011275287273448031,0.0006551909182967299,0.5841237102678707,1.0
-,4-lotka_volterra-3-prey-2-predator-300-cooldown-short,torsk,-1,-1,125,0.9986609075487803,0.9985425597676137,0,0.0,0.03494176372712146,0.0,0.0,0.0,0.0,0.0,0.0,0.9987490167823068,0.5859357349448089,0.5567111610035521,0.49577743654751066,1.0
-,4-lotka_volterra-3-prey-2-predator-300-cooldown-short,mstamp,-1,-1,125,0.996964905357679,0.999921264723078,0,0.03598971722365039,0.3998344100844758,0.01832460732984293,1.0,1.0,0.004475703324808185,1.0,0.008911521323997456,0.9890291663257207,0.035078943976944534,0.028392906880863576,0.7020654425976035,0.9999997607083034
-,4-lotka_volterra-3-prey-2-predator-300-cooldown-short,deepnap,-1,-1,125,0.2670120908862374,0.2657323972211473,0,0.0,7.527371819016665e-05,0.0,0.0,0.0,0.0,0.0,0.0,0.2669807542600764,0.0002542550232060233,0.0001627816179796478,0.6299597989949749,0.6953819095477387
-,4-lotka_volterra-3-prey-2-predator-300-cooldown-short,iforest,-1,-1,125,0.5527351851979398,0.5423738183426392,0,0.0,0.00011920992338927545,0.0,0.0,0.0,0.0,0.0,0.0,0.5566239547782291,0.0004182560091407555,0.0002661221808245716,0.6261280350325601,0.970427135678392
-,4-lotka_volterra-3-prey-2-predator-300-cooldown-short,gdn,-1,-1,125,0.9968090134475751,0.9954967729305725,0,0.005808325266214908,0.015605405186443936,0.002912621359223301,1.0,1.0,0.002912621359223301,1.0,0.005808325266214909,0.997447834355143,0.48274122982248047,0.40005152082190465,0.8632007969969775,1.0
-,4-lotka_volterra-3-prey-2-predator-300-cooldown-short,deepant,-1,-1,125,0.5163735723100981,0.5157273117359358,0,0.0,0.0001140735076418688,0.0,0.0,0.0,0.0,0.0,0.0,0.5172345650771292,0.00044616224706877804,0.00030990136212581367,0.6101212996450089,0.8921356783919598
-,4-lotka_volterra-3-prey-2-predator-300-cooldown-short,damp,-1,-1,125,0.38927556900835764,0.3796009581293456,0,0.0,8.878455398043011e-05,0.0,0.0,0.0,0.0,0.0,0.0,0.39892730700110085,0.0003065788498564213,0.00019485738190439756,0.4500996546909886,0.9909798994974873
-,4-lotka_volterra-3-prey-2-predator-300-cooldown-short,pcc,-1,-1,125,0.25812975687482,0.25009578660969006,0,0.0,7.311805604402505e-05,0.0,0.0,0.0,0.0,0.0,0.0,0.261958642757962,0.0002515647637448065,0.00016027983186599863,0.5778865929073751,0.8965678391959799
-,4-lotka_volterra-3-prey-2-predator-300-cooldown-short,usad,-1,-1,125,0.3395332255179079,0.32669013408689457,0,0.0,8.144691471171558e-05,0.0,0.0,0.0,0.0,0.0,0.0,0.3450340261942342,0.0002956597197038874,0.0001886726415987982,0.5436984152459805,0.901964824120603
-,4-lotka_volterra-3-prey-2-predator-300-cooldown-short,if_lof,-1,-1,125,0.9980095592156598,0.9999932991253684,0,0.5,0.9539708204680983,1.0,0.3333333333333333,0.3333333333333333,1.0,0.4666666666666667,0.6363636363636364,0.9889313359790866,0.5455383588987747,0.5476011990965566,1.0,0.9999940177075854
-,4-lotka_volterra-3-prey-2-predator-300-cooldown-short,tanogan,-1,-1,125,0.49203230416377025,0.49000648309620615,0,0.0,0.00010552763819095478,0.0,0.0,0.0,0.0,0.0,0.0,0.4920984819857587,0.0003209604010949802,0.0001865055273806778,0.33730519396984926,0.35531155778894474
-,4-lotka_volterra-3-prey-2-predator-300-cooldown-short,dae,-1,-1,125,0.6444447531882184,0.6430714511868805,0,0.0,0.00015455699411755062,0.0,0.0,0.0,0.0,0.0,0.0,0.6458608740749161,0.0005433637111063446,0.0003556912175840247,0.49670328783103695,1.0
-,4-lotka_volterra-3-prey-2-predator-300-cooldown-short,telemanom,-1,-1,125,0.37907816287416013,0.37781086733488745,0,0.0,8.881789476855237e-05,0.0,0.0,0.0,0.0,0.0,0.0,0.3797353116547637,0.0003146827026764932,0.00020209056503040754,0.7743654145857228,0.8773015075376884
-,4-lotka_volterra-3-prey-2-predator-300-cooldown-short,copod,-1,-1,125,0.49078784331060765,0.46892983921012005,0,0.0,0.0001013291099410364,0.0,0.0,0.0,0.0,0.0,0.0,0.5010794330653073,0.00036783540725160316,0.00023075062776949296,0.6470142218786239,0.8643467336683417
-,4-lotka_volterra-3-prey-2-predator-300-cooldown-short,kmeans,-1,-1,125,0.29379271909287075,0.2925539641776028,0,0.0,7.813245020193592e-05,0.0,0.0,0.0,0.0,0.0,0.0,0.29714355508898216,0.00028700713169226336,0.000196501334486527,0.5221153414070722,0.981391959798995
-,4-lotka_volterra-3-prey-2-predator-300-cooldown-short,cblof,-1,-1,125,0.3351574725889241,0.3331095719840261,0,0.0,8.284712871523228e-05,0.0,0.0,0.0,0.0,0.0,0.0,0.33813482016742497,0.0002911415851980475,0.00019269574657969092,0.7377994769505254,0.9395427135678392
-,4-lotka_volterra-3-prey-2-predator-500-cooldown-1-mil-steps-no-anomaly,hybrid_knn,-1,-1,125,0.4158752190409719,0.4850090188623059,0,0.0,0.0002611747132537143,0.0,0.0,0.0,0.0,0.0,0.0,0.4385070859058071,0.0012782325715263768,0.0007668318860630314,0.48852509424604773,0.9857701467941706
-,4-lotka_volterra-3-prey-2-predator-500-cooldown-1-mil-steps-no-anomaly,pca,-1,-1,125,0.503523926440507,0.5510585687213445,0,0.0,0.0003096843699730101,0.0,0.0,0.0,0.0,0.0,0.0,0.523771887281519,0.0016848557678811613,0.001007620806297178,0.0755610642532463,0.009157682897992485
-,4-lotka_volterra-3-prey-2-predator-500-cooldown-1-mil-steps-no-anomaly,health_esn,-1,-1,125,0.5299665669731038,0.5834772283173115,0,0.0017147002572050385,0.0003959394572378807,0.0008648504806572863,0.09885931558935361,0.09885931558935361,0.0006928898838076964,0.09090909090909091,0.0013752975403332453,0.5600670277944456,0.0020022019932456198,0.0011595528888029203,0.637860088494818,0.14030633535923537
-,4-lotka_volterra-3-prey-2-predator-500-cooldown-1-mil-steps-no-anomaly,fast_mcd,-1,-1,125,0.3635998150801009,0.44985313409010486,0,0.0,0.000226285924470084,0.0,0.0,0.0,0.0,0.0,0.0,0.38561479182000175,0.001223240174524284,0.000731079700192759,0.44484262367297844,0.06379243505560922
-,4-lotka_volterra-3-prey-2-predator-500-cooldown-1-mil-steps-no-anomaly,autoencoder,-1,-1,125,0.38927356024477877,0.4743638934605585,0,0.0,0.00025069981345886787,0.0,0.0,0.0,0.0,0.0,0.0,0.4221168151157645,0.0013198058959780366,0.0007791212251960854,0.4546164923358433,0.552733999676291
-,4-lotka_volterra-3-prey-2-predator-500-cooldown-1-mil-steps-no-anomaly,robust_pca,-1,-1,125,0.3492624253475732,0.4220492192665954,0,0.0,0.00020914017387314236,0.0,0.0,0.0,0.0,0.0,0.0,0.3597067668902568,0.0011371002212912,0.0006883808351437602,0.6014001997808689,0.3298834836639731
-,4-lotka_volterra-3-prey-2-predator-500-cooldown-1-mil-steps-no-anomaly,knn,-1,-1,125,0.7634434024654073,0.771341738836683,0,0.0,0.0007597323928235122,0.0,0.0,0.0,0.0,0.0,0.0,0.7549512562331909,0.0021577703376237326,0.0015285701160519562,0.45635976485605884,0.06276133258611882
-,4-lotka_volterra-3-prey-2-predator-500-cooldown-1-mil-steps-no-anomaly,hbos,-1,-1,125,0.3323254103746534,0.41239503553824985,0,0.0,0.00028420871513393405,0.0,0.0,0.0,0.0,0.0,0.0,0.355698146899335,0.0011869266703584984,0.0007042616898385466,0.47724241787630484,0.9150498645321704
-,4-lotka_volterra-3-prey-2-predator-500-cooldown-1-mil-steps-no-anomaly,torsk,-1,-1,125,0.9983718772754118,0.998123630144873,0,0.0,0.06556968337073049,0.0,0.0,0.0,0.0,0.0,0.0,0.9985573797032875,0.6409994189952899,0.5947116779345482,0.47807258805518416,1.0
-,4-lotka_volterra-3-prey-2-predator-500-cooldown-1-mil-steps-no-anomaly,iforest,-1,-1,125,0.43232492652887883,0.5135237021087672,0,0.0,0.00029974764086128207,0.0,0.0,0.0,0.0,0.0,0.0,0.4572846198972837,0.0014998164603816644,0.0008877344668766709,0.5551508678990277,0.6747102159980704
-,4-lotka_volterra-3-prey-2-predator-500-cooldown-1-mil-steps-no-anomaly,gdn,-1,-1,125,0.3597932897494407,0.44317801900911113,0,0.0,0.0002216075583022913,0.0,0.0,0.0,0.0,0.0,0.0,0.38601471702949,0.0012067949919654375,0.00072311044455829,0.5214688523588746,0.22212547306434371
-,4-lotka_volterra-3-prey-2-predator-500-cooldown-1-mil-steps-no-anomaly,deepant,-1,-1,125,0.5463337370130914,0.6133841680826153,0,0.0,0.0004105906067623064,0.0,0.0,0.0,0.0,0.0,0.0,0.572411158447171,0.001998086099436043,0.0011742705200492925,0.5723933880050311,0.317810522884094
-,4-lotka_volterra-3-prey-2-predator-500-cooldown-1-mil-steps-no-anomaly,damp,-1,-1,125,0.6796539389526203,0.6449008367530168,0,0.00038948393378773126,0.0005556363050973862,0.0001981244221371021,0.011406844106463879,0.011406844106463879,0.00013835085777531822,0.02909090909090909,0.00027539200330470407,0.7332502217538239,0.0037921897374176184,0.0020768743846795155,0.5351685114950393,0.7261848033275554
-,4-lotka_volterra-3-prey-2-predator-500-cooldown-1-mil-steps-no-anomaly,pcc,-1,-1,125,0.5257811215763873,0.5926755910966501,0,0.0,0.0003219316490517695,0.0,0.0,0.0,0.0,0.0,0.0,0.5503458905274167,0.001713498806889144,0.0010181347883234453,0.5609179020596494,0.22671143294188909
-,4-lotka_volterra-3-prey-2-predator-500-cooldown-1-mil-steps-no-anomaly,usad,-1,-1,125,0.5397587706478633,0.5995009491664779,0,0.0,0.0003223511118698475,0.0,0.0,0.0,0.0,0.0,0.0,0.5583524572638355,0.0017589199506673407,0.001044342210948878,0.34475106476439327,0.16088139063041684
-,4-lotka_volterra-3-prey-2-predator-500-cooldown-1-mil-steps-no-anomaly,if_lof,-1,-1,125,0.8879208477966364,0.9033483434063915,0,0.45294117647058824,0.7304467071098681,1.0,0.29277566539923955,0.29277566539923955,1.0,0.3310602441037224,0.49743840757056623,0.7713000712802177,0.45085395548494533,0.5083400210893168,1.0,0.45452803221527155
-,4-lotka_volterra-3-prey-2-predator-500-cooldown-1-mil-steps-no-anomaly,tanogan,-1,-1,125,0.4921096194003987,0.48999886857100516,0,0.0,0.00026326326326326326,0.0,0.0,0.0,0.0,0.0,0.0,0.4922547117381374,0.0007193016196165284,0.0004246852847210246,0.08564615072839346,0.01588292555678916
-,4-lotka_volterra-3-prey-2-predator-500-cooldown-1-mil-steps-no-anomaly,dae,-1,-1,125,0.5992082882393116,0.6424528970964852,0,0.0,0.00035153165805023744,0.0,0.0,0.0,0.0,0.0,0.0,0.6126081694975013,0.0018963578998528032,0.0011456734086570703,0.5637055256400335,0.6999199537952525
-,4-lotka_volterra-3-prey-2-predator-500-cooldown-1-mil-steps-no-anomaly,telemanom,-1,-1,125,0.41885614469515425,0.47130495016727036,0,0.0,0.00023031856922620786,0.0,0.0,0.0,0.0,0.0,0.0,0.44033382931859455,0.0013237216102682196,0.0008012280028860258,0.5596750554217578,0.05461696217126077
-,4-lotka_volterra-3-prey-2-predator-500-cooldown-1-mil-steps-no-anomaly,copod,-1,-1,125,0.4707347529405164,0.548895014860042,0,0.0,0.0003252771921102658,0.0,0.0,0.0,0.0,0.0,0.0,0.49763597541292304,0.0017127431435455978,0.0010073235398387074,0.6302048473384751,0.14017208400463324
-,4-lotka_volterra-3-prey-2-predator-500-cooldown-1-mil-steps-no-anomaly,kmeans,-1,-1,125,0.2890005641140439,0.3679412421081743,0,0.0,0.00018923435000995771,0.0,0.0,0.0,0.0,0.0,0.0,0.3093005911732779,0.0010128574940422765,0.0006125196828613582,0.501687477797575,0.45628647355272345
-,4-lotka_volterra-3-prey-2-predator-500-cooldown-1-mil-steps-no-anomaly,cblof,-1,-1,125,0.3024925335087593,0.3916696064696251,0,0.0,0.00020410442432650022,0.0,0.0,0.0,0.0,0.0,0.0,0.32913074244780677,0.001092029508412526,0.0006528694013978883,0.6392425773870392,0.1425527350087448
-,4-lotka_volterra-3-prey-2-predator-500-cooldown-1-mil-steps,hybrid_knn,-1,-1,125,0.4020699051159711,0.48361542415142567,0,0.0,0.00030305538652125575,0.0,0.0,0.0,0.0,0.0,0.0,0.4183841355115916,0.0013011838468215122,0.0007858149204296299,0.4962855073438513,0.9198889286104595
-,4-lotka_volterra-3-prey-2-predator-500-cooldown-1-mil-steps,pca,-1,-1,125,0.503523926440507,0.5510585687213445,0,0.0,0.0003096843699730101,0.0,0.0,0.0,0.0,0.0,0.0,0.523771887281519,0.0016848557678811613,0.001007620806297178,0.0755610642532463,0.009157682897992485
-,4-lotka_volterra-3-prey-2-predator-500-cooldown-1-mil-steps,health_esn,-1,-1,125,0.5827068094878524,0.6380470054591496,0,0.002421082037433653,0.0005041022367520689,0.0012255479613481027,0.09885931558935361,0.09885931558935361,0.0019481492582047056,0.09090909090909091,0.003814553990610329,0.6060828303619852,0.0022375847008500173,0.001299480609078151,0.7727037335623927,0.15708196214300857
-,4-lotka_volterra-3-prey-2-predator-500-cooldown-1-mil-steps,fast_mcd,-1,-1,125,0.38727810795963347,0.47523781852068514,0,0.0,0.0002439669754710029,0.0,0.0,0.0,0.0,0.0,0.0,0.4103746618664065,0.0012992569751768004,0.0007730090239092307,0.4421226366314236,0.10699235429055404
-,4-lotka_volterra-3-prey-2-predator-500-cooldown-1-mil-steps,autoencoder,-1,-1,125,0.4567022251498402,0.5136421939693103,0,0.0,0.00024604262285014746,0.0,0.0,0.0,0.0,0.0,0.0,0.4685345885115005,0.0013689231121001766,0.0008277127316439856,0.6437761931291903,0.33357432033031476
-,4-lotka_volterra-3-prey-2-predator-500-cooldown-1-mil-steps,robust_pca,-1,-1,125,0.3944634524103778,0.4647143144072332,0,0.0,0.0002225248942020522,0.0,0.0,0.0,0.0,0.0,0.0,0.40941282687717157,0.001254380874062594,0.0007508520291632562,0.6229483417344835,0.32904986610059517
-,4-lotka_volterra-3-prey-2-predator-500-cooldown-1-mil-steps,knn,-1,-1,125,0.7634434024654073,0.771341738836683,0,0.0,0.0007597323928235122,0.0,0.0,0.0,0.0,0.0,0.0,0.7549512562331909,0.0021577703376237326,0.0015285701160519562,0.45635976485605884,0.06276133258611882
-,4-lotka_volterra-3-prey-2-predator-500-cooldown-1-mil-steps,hbos,-1,-1,125,0.3323254103746534,0.41239503553824985,0,0.0,0.00028420871513393405,0.0,0.0,0.0,0.0,0.0,0.0,0.355698146899335,0.0011869266703584984,0.0007042616898385466,0.47724241787630484,0.9150498645321704
-,4-lotka_volterra-3-prey-2-predator-500-cooldown-1-mil-steps,torsk,-1,-1,125,0.9983718772754118,0.998123630144873,0,0.0,0.06556968337073049,0.0,0.0,0.0,0.0,0.0,0.0,0.9985573797032875,0.6409994189952899,0.5947116779345482,0.47807258805518416,1.0
-,4-lotka_volterra-3-prey-2-predator-500-cooldown-1-mil-steps,iforest,-1,-1,125,0.43232492652887883,0.5135237021087672,0,0.0,0.00029974764086128207,0.0,0.0,0.0,0.0,0.0,0.0,0.4572846198972837,0.0014998164603816644,0.0008877344668766709,0.5551508678990277,0.6747102159980704
-,4-lotka_volterra-3-prey-2-predator-500-cooldown-1-mil-steps,multi_hmm,-1,-1,125,0.3436948002880192,0.44782336326521843,0,0.0,0.0002486897539435724,0.0,0.0,0.0,0.0,0.0,0.0,0.36582044412301484,0.0012678183456634132,0.0007494218071591935,0.47606323685342233,0.8784847306815027
-,4-lotka_volterra-3-prey-2-predator-500-cooldown-1-mil-steps,gdn,-1,-1,125,0.37029312086944993,0.46532506296897846,0,0.0018912955374431487,0.0002937609827321755,0.000956981407218374,0.07984790874524715,0.07984790874524715,0.001879194630872483,0.09090909090909091,0.0036822724881641236,0.4120340814107246,0.0014288210539518858,0.0008332042164981203,0.5150262368299323,0.122034866726475
-,4-lotka_volterra-3-prey-2-predator-500-cooldown-1-mil-steps,deepant,-1,-1,125,0.5231251608986491,0.5970735240129196,0,0.0,0.0004133279963824253,0.0,0.0,0.0,0.0,0.0,0.0,0.5461174094203327,0.0019172316615813619,0.0011296903170931137,0.6378607554274998,0.41105778923184033
-,4-lotka_volterra-3-prey-2-predator-500-cooldown-1-mil-steps,damp,-1,-1,125,0.6796539389526203,0.6449008367530168,0,0.00038948393378773126,0.0005556363050973862,0.0001981244221371021,0.011406844106463879,0.011406844106463879,0.00013835085777531822,0.02909090909090909,0.00027539200330470407,0.7332502217538239,0.0037921897374176184,0.0020768743846795155,0.5351685114950393,0.7261848033275554
-,4-lotka_volterra-3-prey-2-predator-500-cooldown-1-mil-steps,pcc,-1,-1,125,0.5257811215763873,0.5926755910966501,0,0.0,0.0003219316490517695,0.0,0.0,0.0,0.0,0.0,0.0,0.5503458905274167,0.001713498806889144,0.0010181347883234453,0.5609179020596494,0.22671143294188909
-,4-lotka_volterra-3-prey-2-predator-500-cooldown-1-mil-steps,usad,-1,-1,125,0.5109358241241657,0.5749935171924422,0,0.0,0.00030360083068577045,0.0,0.0,0.0,0.0,0.0,0.0,0.5289655252894397,0.001679231486234108,0.0009967827850019893,0.4771220756265431,0.14961896454959167
-,4-lotka_volterra-3-prey-2-predator-500-cooldown-1-mil-steps,if_lof,-1,-1,125,0.8879208477966364,0.9033483434063915,0,0.45294117647058824,0.7304467071098681,1.0,0.29277566539923955,0.29277566539923955,1.0,0.3310602441037224,0.49743840757056623,0.7713000712802177,0.45085395548494533,0.5083400210893168,1.0,0.45452803221527155
-,4-lotka_volterra-3-prey-2-predator-500-cooldown-1-mil-steps,tanogan,-1,-1,125,0.4921096194003987,0.48999886857100516,0,0.0,0.00026326326326326326,0.0,0.0,0.0,0.0,0.0,0.0,0.4922547117381374,0.0007193016196165284,0.0004246852847210246,0.08259551196670364,0.01575885884070788
-,4-lotka_volterra-3-prey-2-predator-500-cooldown-1-mil-steps,dae,-1,-1,125,0.5643437824103383,0.6184392751162588,0,0.0,0.0003384943333423127,0.0,0.0,0.0,0.0,0.0,0.0,0.5834673795272444,0.0018496303663663306,0.001100089379002676,0.5362288754402177,0.9093138126446145
-,4-lotka_volterra-3-prey-2-predator-500-cooldown-1-mil-steps,telemanom,-1,-1,125,0.3503296513475533,0.39708846189086633,0,0.0,0.00019916867246878078,0.0,0.0,0.0,0.0,0.0,0.0,0.3835036112739675,0.0011854544311091606,0.0007037791498885768,0.5556537557907452,0.055500764287966825
-,4-lotka_volterra-3-prey-2-predator-500-cooldown-1-mil-steps,copod,-1,-1,125,0.4707347529405164,0.548895014860042,0,0.0,0.0003252771921102658,0.0,0.0,0.0,0.0,0.0,0.0,0.49763597541292304,0.0017127431435455978,0.0010073235398387074,0.6302048473384751,0.14017208400463324
-,4-lotka_volterra-3-prey-2-predator-500-cooldown-1-mil-steps,kmeans,-1,-1,125,0.2890005641140439,0.3679412421081743,0,0.0,0.00018923435000995771,0.0,0.0,0.0,0.0,0.0,0.0,0.3093005911732779,0.0010128574940422765,0.0006125196828613582,0.501687477797575,0.45628647355272345
-,4-lotka_volterra-3-prey-2-predator-500-cooldown-1-mil-steps,cblof,-1,-1,125,0.3024925335087593,0.3916696064696251,0,0.0,0.00020410442432650022,0.0,0.0,0.0,0.0,0.0,0.0,0.32913074244780677,0.001092029508412526,0.0006528694013978883,0.6392425773870392,0.1425527350087448
